skill,average_similarity,average_competency_score,high_band_count
Programme Delivery,0.0289355625,9.649375000000001,0
Regulatory Reporting,0.024998372340425533,8.330531914893617,0
Data Governance,0.016895816326530613,5.631938775510204,0
Risk Controls,0.014742,4.916842105263158,0
SQL,0.0139378125,4.6499999999999995,0
Stakeholder Management,0.012309404255319149,4.100851063829787,0
Data Analysis,0.0,0.0,0
ETL Design,0.0,0.0,0
Power BI,0.0,0.0,0
Python,0.0,0.0,0
